county,crop,year,area_ha,production_tons,yield_tha
Uasin Gishu,Maize,2021,104645.0,385400.0,3.6829279946485736
Uasin Gishu,Maize,2022,102820.0,359870.0,3.5
Uasin Gishu,Maize,2023,117923.0,476538.0,4.041094612586179
Uasin Gishu,Maize,2024,107009.0,483211.0,4.515610836471699
Uasin Gishu,Maize,2025,121272.0,540044.0,4.45316313741012
Trans Nzoia,Maize,2021,107090.0,407913.0,3.8090671397889615
Trans Nzoia,Maize,2022,95140.0,339990.0,3.5735757830565484
Trans Nzoia,Maize,2023,125065.0,448011.0,3.582225242873706
Trans Nzoia,Maize,2024,124976.0,423156.0,3.3858980924337474
Trans Nzoia,Maize,2025,114568.0,432139.0,3.7718996578451223
Kakamega,Maize,2021,98415.0,262506.0,2.6673372961438804
Kakamega,Maize,2022,100641.0,154369.0,1.533857970409674
Kakamega,Maize,2023,87532.0,132572.0,1.5145546771466436
Kakamega,Maize,2024,105181.0,212753.0,2.0227322425152834
Kakamega,Maize,2025,92816.0,382216.0,4.11799689708671
Nakuru,Maize,2021,87651.0,242825.0,2.7703620038562025
Nakuru,Maize,2022,66315.0,213786.0,3.2237955213752545
Nakuru,Maize,2023,71470.0,215412.0,3.014019868476284
Nakuru,Maize,2024,94421.0,201876.0,2.1380413255525785
Nakuru,Maize,2025,88704.0,349862.0,3.944151334776335
Bungoma,Maize,2021,93214.0,269443.0,2.8905851052417018
Bungoma,Maize,2022,92464.0,275420.0,2.9786727807579165
Bungoma,Maize,2023,92847.0,222912.0,2.4008530162525443
Bungoma,Maize,2024,90297.0,207846.0,2.301804046646068
Bungoma,Maize,2025,86428.0,327492.6,3.7891956310454944
Narok,Maize,2021,121809.0,280273.0,2.3009219351607846
Narok,Maize,2022,127460.0,271028.0,2.126376902557665
Narok,Maize,2023,132396.0,314403.0,2.3747167588144658
Narok,Maize,2024,122245.0,224236.0,1.8343163319563167
Narok,Maize,2025,137884.0,310076.1,2.2488185721330973
Nandi,Maize,2021,26825.0,64175.0,2.392357875116496
Nandi,Maize,2022,45674.0,89447.0,1.958378946446556
Nandi,Maize,2023,67429.0,159556.0,2.366281570244257
Nandi,Maize,2024,57812.0,179389.0,3.1029717013768767
Nandi,Maize,2025,70604.0,190925.0,2.704166902725058
Baringo,Maize,2021,34709.0,59169.0,1.7047163559883605
Baringo,Maize,2022,37894.0,50820.0,1.341109410460759
Baringo,Maize,2023,42501.0,94877.0,2.2323474741770784
Baringo,Maize,2024,47457.0,83958.0,1.7691383778999936
Baringo,Maize,2025,48795.0,176219.0,3.611415104006558
Elgeyo-Marakwet,Maize,2021,31351.0,86007.0,2.7433574686612867
Elgeyo-Marakwet,Maize,2022,31713.0,72330.0,2.2807681392488885
Elgeyo-Marakwet,Maize,2023,43133.0,150221.0,3.4827394338441566
Elgeyo-Marakwet,Maize,2024,42182.0,117786.0,2.7923284813427527
Elgeyo-Marakwet,Maize,2025,37919.0,169604.0,4.4727972784092405
Homa Bay,Maize,2021,79608.0,82278.0,1.0335393427796202
Homa Bay,Maize,2022,72215.0,86658.0,1.2
Homa Bay,Maize,2023,78795.0,115635.0,1.4675423567485246
Homa Bay,Maize,2024,89172.0,146866.0,1.646996815143767
Homa Bay,Maize,2025,86540.0,152422.0,1.7612895770741854
Meru,Maize,2021,75058.0,53331.0,0.7105305230621652
Meru,Maize,2022,66338.0,63157.0,0.9520485995960084
Meru,Maize,2023,142379.0,151039.0,1.060823576510581
Meru,Maize,2024,136082.0,133150.0,0.97845416734028
Meru,Maize,2025,95140.0,150404.5,1.580875551818373
Kericho,Maize,2021,35068.0,98746.0,2.815843504049276
Kericho,Maize,2022,40530.0,85975.0,2.1212681963977302
Kericho,Maize,2023,40643.0,111130.0,2.734296188765593
Kericho,Maize,2024,43908.0,134358.0,3.0599890680513804
Kericho,Maize,2025,45070.0,146538.0,3.2513423563345905
Migori,Maize,2021,95034.0,99598.0,1.048024917397984
Migori,Maize,2022,85628.0,92441.0,1.0795650955294998
Migori,Maize,2023,78567.0,101474.0,1.291560069749386
Migori,Maize,2024,88449.0,148919.0,1.6836708159504348
Migori,Maize,2025,91064.0,136134.0,1.4949266449969252
Kisii,Maize,2021,65876.0,96249.0,1.4610632096666465
Kisii,Maize,2022,43735.0,79671.0,1.8216760032010972
Kisii,Maize,2023,66221.0,119244.0,1.8006976638830583
Kisii,Maize,2024,65900.0,41087.0,0.6234749620637329
Kisii,Maize,2025,57378.0,123237.0,2.1478092648750398
Siaya,Maize,2021,83933.0,53512.0,0.6375561459735741
Siaya,Maize,2022,73521.0,76580.0,1.041607159859088
Siaya,Maize,2023,77550.0,115191.0,1.485377176015474
Siaya,Maize,2024,77660.0,143979.0,1.8539660056657223
Siaya,Maize,2025,72600.0,120855.0,1.6646694214876032
Nyamira,Maize,2021,43134.0,61937.0,1.4359206194649232
Nyamira,Maize,2022,48280.0,76884.0,1.592460646230323
Nyamira,Maize,2023,48175.0,63424.0,1.316533471717696
Nyamira,Maize,2024,48580.0,89599.0,1.844359818855496
Nyamira,Maize,2025,65748.0,91902.0,1.3977915678043438
Busia,Maize,2021,33810.0,42028.0,1.243064182194617
Busia,Maize,2022,42476.0,64360.0,1.51520858837932
Busia,Maize,2023,44097.0,71237.0,1.6154613692541442
Busia,Maize,2024,44204.0,77934.0,1.7630531173649444
Busia,Maize,2025,40989.0,86388.0,2.107589841176901
Kilifi,Maize,2021,53943.0,26176.0,0.4852529521902749
Kilifi,Maize,2022,72748.0,47780.0,0.6567878154725904
Kilifi,Maize,2023,95674.0,81813.0,0.8551226038422142
Kilifi,Maize,2024,51393.0,41907.0,0.8154223337808651
Kilifi,Maize,2025,70628.0,85939.43,1.2167898000792885
Machakos,Maize,2021,144201.0,59321.0,0.4113771749155692
Machakos,Maize,2022,134048.0,22597.0,0.1685739436619718
Machakos,Maize,2023,138830.0,175493.0,1.2640855722826478
Machakos,Maize,2024,158761.0,91910.0,0.578920515743791
Machakos,Maize,2025,227692.0,84320.18,0.3703256153048855
West Pokot,Maize,2021,34911.0,53193.0,1.5236744865515166
West Pokot,Maize,2022,34780.0,52650.0,1.5138010350776308
West Pokot,Maize,2023,49097.0,96010.0,1.9555166303440128
West Pokot,Maize,2024,56403.0,96984.0,1.7194830062230733
West Pokot,Maize,2025,52313.0,83416.0,1.5945558465391012
Embu,Maize,2021,35925.0,31378.0,0.8734307585247042
Embu,Maize,2022,34506.0,10077.0,0.2920361676230221
Embu,Maize,2023,34500.0,41327.0,1.1978840579710144
Embu,Maize,2024,34750.0,25659.0,0.7383884892086331
Embu,Maize,2025,144420.0,73100.0,0.5061625813599224
Bomet,Maize,2021,40480.0,58685.0,1.4497282608695652
Bomet,Maize,2022,27597.0,43287.0,1.5685400587020328
Bomet,Maize,2023,27250.0,63230.0,2.320366972477064
Bomet,Maize,2024,33491.0,52714.0,1.5739750977874654
Bomet,Maize,2025,26195.0,71167.0,2.7168161862950946
Kwale,Maize,2021,56128.0,33815.0,0.6024622291904219
Kwale,Maize,2022,23200.0,45428.0,1.958103448275862
Kwale,Maize,2023,60518.0,61037.0,1.0085759608711458
Kwale,Maize,2024,58116.0,44127.0,0.7592917613049762
Kwale,Maize,2025,69109.0,69771.37,1.00958442460461
Makueni,Maize,2021,150726.0,88013.0,0.5839271260432839
Makueni,Maize,2022,132910.0,83018.0,0.6246181626664661
Makueni,Maize,2023,136912.0,81363.0,0.5942722332593199
Makueni,Maize,2024,155337.0,83506.0,0.5375795850312546
Makueni,Maize,2025,134443.0,63095.38,0.4693095215072558
Laikipia,Maize,2021,24932.0,34520.0,1.3845660195732392
Laikipia,Maize,2022,25055.0,7288.0,0.2908800638595091
Laikipia,Maize,2023,29596.0,44264.0,1.4956075145289904
Laikipia,Maize,2024,29240.0,51372.0,1.756908344733242
Laikipia,Maize,2025,27650.0,56045.0,2.026943942133816
Murang'a,Maize,2021,62983.0,49256.0,0.7820522998269375
Murang'a,Maize,2022,67530.0,47434.0,0.7024137420405746
Murang'a,Maize,2023,68399.0,56827.0,0.8308162400035088
Murang'a,Maize,2024,54189.0,55488.0,1.023971654763882
Murang'a,Maize,2025,66041.0,54534.2,0.8257627837252616
Kisumu,Maize,2021,62600.0,40990.0,0.6547923322683706
Kisumu,Maize,2022,54125.0,34513.0,0.6376535796766744
Kisumu,Maize,2023,62195.0,105003.0,1.6882868397781172
Kisumu,Maize,2024,48400.0,58657.0,1.2119214876033058
Kisumu,Maize,2025,46730.0,52906.46,1.132173336186604
Kirinyaga,Maize,2021,30373.0,24388.0,0.8029499884766075
Kirinyaga,Maize,2022,30503.0,13547.0,0.4441202504671672
Kirinyaga,Maize,2023,38467.0,49692.0,1.291808563184028
Kirinyaga,Maize,2024,28228.0,38468.0,1.3627603797647725
Kirinyaga,Maize,2025,27068.0,50409.0,1.86230973843653
Kiambu,Maize,2021,30371.0,25563.0,0.841691086892101
Kiambu,Maize,2022,29174.0,19655.0,0.6737163227531363
Kiambu,Maize,2023,30537.0,29692.0,0.97232865048957
Kiambu,Maize,2024,33534.0,39471.0,1.1770441939524066
Kiambu,Maize,2025,33522.0,35258.0,1.0517868862239723
Nyandarua,Maize,2021,14070.0,27958.0,1.9870646766169155
Nyandarua,Maize,2022,20060.0,26836.0,1.337786640079761
Nyandarua,Maize,2023,20716.0,46617.0,2.250289631202935
Nyandarua,Maize,2024,14987.0,28698.0,1.9148595449389472
Nyandarua,Maize,2025,17167.0,33139.0,1.930389701170851
Vihiga,Maize,2021,22340.0,24191.0,1.0828558639212176
Vihiga,Maize,2022,26142.0,25335.0,0.9691301354142758
Vihiga,Maize,2023,24921.0,29659.0,1.1901207816700774
Vihiga,Maize,2024,24771.0,34171.0,1.3794760001614792
Vihiga,Maize,2025,25361.0,27065.0,1.067189779582824
Tana River,Maize,2021,4251.0,958.0,0.225358739120207
Tana River,Maize,2022,6673.0,8257.0,1.237374494230481
Tana River,Maize,2023,5734.0,5879.0,1.0252877572375303
Tana River,Maize,2024,5063.0,14658.0,2.895121469484496
Tana River,Maize,2025,8096.0,23685.0,2.925518774703557
Nyeri,Maize,2021,27067.0,19382.0,0.7160749251856504
Nyeri,Maize,2022,26984.0,14323.0,0.5307960272754225
Nyeri,Maize,2023,31317.0,35280.0,1.1265446881885235
Nyeri,Maize,2024,29248.0,24832.0,0.849015317286652
Nyeri,Maize,2025,30596.0,22053.0,0.720780494182246
Kitui,Maize,2021,79035.0,11508.0,0.145606376921617
Kitui,Maize,2022,62987.0,9183.0,0.1457919888230904
Kitui,Maize,2023,83618.0,36292.0,0.4340213829558229
Kitui,Maize,2024,89423.0,17845.0,0.1995571609093857
Kitui,Maize,2025,124355.0,21967.22,0.1766492702344095
Tharaka-Nithi,Maize,2021,25420.0,30352.0,1.1940204563335957
Tharaka-Nithi,Maize,2022,23640.0,20668.0,0.8742808798646362
Tharaka-Nithi,Maize,2023,26617.0,33808.0,1.2701656835856785
Tharaka-Nithi,Maize,2024,37588.0,55426.0,1.474566350963073
Tharaka-Nithi,Maize,2025,23423.0,20727.25,0.884910131067754
Kajiado,Maize,2021,4808.0,2864.0,0.5956738768718802
Kajiado,Maize,2022,32159.0,13063.0,0.4062004415560185
Kajiado,Maize,2023,33241.0,40733.0,1.225384314551307
Kajiado,Maize,2024,21906.0,40573.0,1.8521409659454031
Kajiado,Maize,2025,35551.0,17777.0,0.5000421929059661
Lamu,Maize,2021,16820.0,4772.0,0.2837098692033293
Lamu,Maize,2022,39502.0,59102.0,1.496177408738798
Lamu,Maize,2023,45800.0,74318.0,1.6226637554585153
Lamu,Maize,2024,23154.0,48436.0,2.091906366070657
Lamu,Maize,2025,10620.0,14098.5,1.327542372881356
Samburu,Maize,2021,12425.0,12090.0,0.9730382293762576
Samburu,Maize,2022,15870.0,11178.0,0.7043478260869566
Samburu,Maize,2023,6448.0,15298.0,2.372518610421836
Samburu,Maize,2024,11572.0,9135.0,0.7894054614586934
Samburu,Maize,2025,13340.0,13340.0,1.0
Taita Taveta,Maize,2021,12252.0,3360.0,0.2742409402546523
Taita Taveta,Maize,2022,11464.0,10893.0,0.950191905094208
Taita Taveta,Maize,2023,13596.0,12393.0,0.9115180935569284
Taita Taveta,Maize,2024,11426.0,13176.0,1.1531594608786977
Taita Taveta,Maize,2025,11913.0,10025.1,0.8415260639637371
Mandera,Maize,2021,3510.0,1818.0,0.517948717948718
Mandera,Maize,2022,3209.0,2160.0,0.6731068868806481
Mandera,Maize,2023,3209.0,2738.0,0.8532253038329698
Mandera,Maize,2024,2828.0,3113.0,1.100777934936351
Mandera,Maize,2025,2695.0,3007.0,1.1157699443413729
Turkana,Maize,2021,1295.0,1154.0,0.8911196911196911
Turkana,Maize,2022,3408.0,452.0,0.1326291079812206
Turkana,Maize,2023,1750.0,1331.0,0.7605714285714286
Turkana,Maize,2024,3704.0,4217.0,1.138498920086393
Turkana,Maize,2025,1581.0,1712.0,1.0828589500316257
Marsabit,Maize,2021,658.0,46.0,0.0699088145896656
Marsabit,Maize,2022,591.0,3.0,0.0050761421319796
Marsabit,Maize,2023,2184.0,337.0,0.1543040293040293
Marsabit,Maize,2024,1830.0,1089.0,0.5950819672131148
Marsabit,Maize,2025,1870.0,1224.0,0.6545454545454545
Mombasa,Maize,2021,649.0,0.0,0.0
Mombasa,Maize,2022,842.0,272.0,0.3230403800475059
Mombasa,Maize,2023,876.0,878.0,1.0022831050228311
Mombasa,Maize,2024,867.0,770.0,0.8881199538638985
Mombasa,Maize,2025,740.0,851.2,1.1502702702702703
Wajir,Maize,2021,54.0,19.0,0.3518518518518518
Wajir,Maize,2022,72.0,25.0,0.3472222222222222
Wajir,Maize,2023,132.0,34.0,0.2575757575757575
Wajir,Maize,2024,278.0,216.0,0.7769784172661871
Wajir,Maize,2025,527.0,591.0,1.1214421252371916
Isiolo,Maize,2021,147.0,139.0,0.9455782312925172
Isiolo,Maize,2022,129.0,94.0,0.7286821705426356
Isiolo,Maize,2023,256.0,176.0,0.6875
Isiolo,Maize,2024,288.0,576.0,2.0
Isiolo,Maize,2025,308.0,468.45,1.5209415584415584
Nairobi,Maize,2021,754.0,571.0,0.7572944297082228
Nairobi,Maize,2022,661.0,246.0,0.3721633888048411
Nairobi,Maize,2023,758.0,676.0,0.8918205804749341
Nairobi,Maize,2024,713.0,641.0,0.8990182328190743
Nairobi,Maize,2025,376.0,182.4,0.4851063829787234
Garissa,Maize,2021,145.0,71.0,0.4896551724137931
Garissa,Maize,2022,107.0,70.0,0.6542056074766355
Garissa,Maize,2023,142.0,132.0,0.9295774647887324
Garissa,Maize,2024,222.0,382.0,1.720720720720721
Garissa,Maize,2025,96.0,133.0,1.3854166666666667
Nakuru,Wheat,2021,32271.0,117151.0,3.630225279662856
Nakuru,Wheat,2022,26992.0,112218.0,4.157454060462359
Nakuru,Wheat,2023,21304.0,72252.0,3.391475779196395
Nakuru,Wheat,2024,19520.0,72391.0,3.708555327868853
Nakuru,Wheat,2025,21809.0,67437.0,3.092163785593104
Narok,Wheat,2021,48595.0,139055.0,2.8615083856363825
Narok,Wheat,2022,55770.0,167926.0,3.0110453648915185
Narok,Wheat,2023,49090.0,130872.0,2.6659604807496438
Narok,Wheat,2024,40003.0,118135.0,2.9531535134864884
Narok,Wheat,2025,25923.0,67144.0,2.5901323149326854
Laikipia,Wheat,2021,4136.0,14784.0,3.574468085106383
Laikipia,Wheat,2022,7192.0,18830.0,2.618186874304783
Laikipia,Wheat,2023,5920.0,24110.0,4.072635135135135
Laikipia,Wheat,2024,9925.0,26451.0,2.665088161209068
Laikipia,Wheat,2025,13960.0,35429.0,2.537893982808023
Uasin Gishu,Wheat,2021,22202.0,42336.0,1.906855238266823
Uasin Gishu,Wheat,2022,15992.0,35944.0,2.247623811905953
Uasin Gishu,Wheat,2023,12316.0,38798.0,3.150211107502436
Uasin Gishu,Wheat,2024,15190.0,47463.0,3.1246214614878207
Uasin Gishu,Wheat,2025,8985.0,29610.0,3.295492487479132
Meru,Wheat,2021,10990.0,20275.0,1.8448589626933576
Meru,Wheat,2022,6785.0,21712.0,3.2
Meru,Wheat,2023,7225.0,24363.0,3.3720415224913496
Meru,Wheat,2024,7145.0,27268.0,3.816375087473758
Meru,Wheat,2025,7960.0,27990.0,3.516331658291457
Nyandarua,Wheat,2021,2228.0,7172.0,3.2190305206463194
Nyandarua,Wheat,2022,1915.0,6004.0,3.135248041775457
Nyandarua,Wheat,2023,2516.0,7160.0,2.8457869634340223
Nyandarua,Wheat,2024,3763.0,8498.0,2.258304544246612
Nyandarua,Wheat,2025,3820.0,8160.0,2.136125654450262
Nyeri,Wheat,2021,1024.0,1711.0,1.6708984375
Nyeri,Wheat,2022,662.0,1543.0,2.3308157099697886
Nyeri,Wheat,2023,235.0,251.0,1.0680851063829788
Nyeri,Wheat,2024,1303.0,3227.0,2.476592478894858
Nyeri,Wheat,2025,3827.0,5585.0,1.4593676509014897
Samburu,Wheat,2021,1200.0,2700.0,2.25
Samburu,Wheat,2022,2800.0,2772.0,0.99
Samburu,Wheat,2023,4200.0,8820.0,2.1
Samburu,Wheat,2024,2100.0,4790.0,2.280952380952381
Samburu,Wheat,2025,2500.0,5300.0,2.12
Baringo,Wheat,2021,190.0,475.0,2.5
Baringo,Wheat,2022,160.0,320.0,2.0
Baringo,Wheat,2023,240.0,1080.0,4.5
Baringo,Wheat,2024,270.0,810.0,3.0
Baringo,Wheat,2025,276.0,1545.0,5.5978260869565215
Nyamira,Wheat,2021,894.0,671.0,0.7505592841163311
Nyamira,Wheat,2022,798.0,431.0,0.5401002506265664
Nyamira,Wheat,2023,889.0,571.0,0.6422947131608548
Nyamira,Wheat,2024,2867.0,1561.0,0.5444715730728985
Nyamira,Wheat,2025,1141.0,1308.0,1.1463628396143737
Elgeyo-Marakwet,Wheat,2021,177.0,560.0,3.1638418079096047
Elgeyo-Marakwet,Wheat,2022,178.0,374.0,2.101123595505618
Elgeyo-Marakwet,Wheat,2023,179.0,500.0,2.793296089385475
Elgeyo-Marakwet,Wheat,2024,185.0,589.0,3.183783783783784
Elgeyo-Marakwet,Wheat,2025,203.0,698.0,3.438423645320197
Bungoma,Wheat,2021,186.0,465.0,2.5
Bungoma,Wheat,2022,159.0,318.0,2.0
Bungoma,Wheat,2023,113.0,260.0,2.3008849557522124
Bungoma,Wheat,2024,120.0,300.0,2.5
Bungoma,Wheat,2025,100.0,293.0,2.93
Trans Nzoia,Wheat,2021,760.0,1720.0,2.263157894736842
Trans Nzoia,Wheat,2022,126.0,285.0,2.261904761904762
Trans Nzoia,Wheat,2023,187.0,408.0,2.1818181818181817
Trans Nzoia,Wheat,2024,138.0,273.0,1.9782608695652173
Trans Nzoia,Wheat,2025,10.0,22.0,2.2
Marsabit,Wheat,2021,27.0,27.0,1.0
Marsabit,Wheat,2022,25.0,20.0,0.8
Marsabit,Wheat,2023,26.0,47.0,1.807692307692308
Marsabit,Wheat,2024,28.0,27.0,0.9642857142857144
Marsabit,Wheat,2025,0.0,0.0,0.0
Nyandarua,Potatoes,2021,37590.0,384323.0,10.224075552008513
Nyandarua,Potatoes,2022,19590.0,101099.0,5.160745278203165
Nyandarua,Potatoes,2023,43587.0,437748.0,10.043086241310483
Nyandarua,Potatoes,2024,34980.0,394325.0,11.272870211549456
Nyandarua,Potatoes,2025,49770.0,699573.0,14.056118143459916
Nakuru,Potatoes,2021,40285.0,422207.0,10.480501427330271
Nakuru,Potatoes,2022,46731.0,523324.0,11.198647578695084
Nakuru,Potatoes,2023,49981.0,657091.0,13.1468157900002
Nakuru,Potatoes,2024,48513.0,476876.0,9.829860037515717
Nakuru,Potatoes,2025,39782.0,476417.0,11.975692524257202
Meru,Potatoes,2021,17392.0,224747.0,12.922435602575897
Meru,Potatoes,2022,20520.0,185731.0,9.051218323586745
Meru,Potatoes,2023,24604.0,236407.0,9.608478296211999
Meru,Potatoes,2024,24660.0,263596.0,10.689213300892133
Meru,Potatoes,2025,20369.0,202424.0,9.937846727870784
Bungoma,Potatoes,2021,1883.0,24936.0,13.242697822623473
Bungoma,Potatoes,2022,9436.0,100694.0,10.67125900805426
Bungoma,Potatoes,2023,2153.0,27217.0,12.641430562006503
Bungoma,Potatoes,2024,7531.0,73081.0,9.704023370070376
Bungoma,Potatoes,2025,8416.0,167695.0,19.92573669201521
Nyeri,Potatoes,2021,16469.0,94420.0,5.733195701014027
Nyeri,Potatoes,2022,14711.0,97669.0,6.639181564815444
Nyeri,Potatoes,2023,16447.0,97975.0,5.957013437100991
Nyeri,Potatoes,2024,12749.0,89556.0,7.02455094517217
Nyeri,Potatoes,2025,14438.0,123599.0,8.56067322343815
Kiambu,Potatoes,2021,18955.0,123904.0,6.53674492218412
Kiambu,Potatoes,2022,19156.0,97539.0,5.0918250156608895
Kiambu,Potatoes,2023,19206.0,102645.0,5.344423617619494
Kiambu,Potatoes,2024,21327.0,126725.0,5.941998405776715
Kiambu,Potatoes,2025,20170.0,104557.0,5.183787803668815
Baringo,Potatoes,2021,3363.0,45215.0,13.444840915848944
Baringo,Potatoes,2022,3504.0,29998.0,8.56107305936073
Baringo,Potatoes,2023,3565.0,37205.0,10.436185133239832
Baringo,Potatoes,2024,3775.0,42900.0,11.364238410596027
Baringo,Potatoes,2025,4888.0,75130.0,15.370294599018003
Trans Nzoia,Potatoes,2021,1758.0,9940.0,5.654152445961319
Trans Nzoia,Potatoes,2022,2765.0,33180.0,12.0
Trans Nzoia,Potatoes,2023,1635.0,13181.0,8.06177370030581
Trans Nzoia,Potatoes,2024,2566.0,26718.0,10.412314886983632
Trans Nzoia,Potatoes,2025,3530.0,52863.0,14.975354107648725
Laikipia,Potatoes,2021,8480.0,40270.0,4.748820754716981
Laikipia,Potatoes,2022,19258.0,53762.0,2.7916709938726765
Laikipia,Potatoes,2023,6099.0,47857.0,7.84669617970159
Laikipia,Potatoes,2024,6910.0,25931.0,3.7526772793053547
Laikipia,Potatoes,2025,8240.0,37142.0,4.50752427184466
Bomet,Potatoes,2021,3526.0,36320.0,10.300623936471922
Bomet,Potatoes,2022,6680.0,78135.0,11.696856287425149
Bomet,Potatoes,2023,3935.0,37383.0,9.50012706480305
Bomet,Potatoes,2024,1950.0,29250.0,15.0
Bomet,Potatoes,2025,1903.0,20529.0,10.787703625853915
Murang'a,Potatoes,2021,6314.0,32708.0,5.1802343997465945
Murang'a,Potatoes,2022,14949.0,66314.0,4.436015787009165
Murang'a,Potatoes,2023,7470.0,26037.0,3.485542168674699
Murang'a,Potatoes,2024,7242.0,35792.0,4.942281137807235
Murang'a,Potatoes,2025,5220.65,19217.0,3.680959267524159
West Pokot,Potatoes,2021,2517.0,24365.0,9.680174811283274
West Pokot,Potatoes,2022,1858.0,16135.0,8.684068891280948
West Pokot,Potatoes,2023,8009.0,96109.0,12.000124859533026
West Pokot,Potatoes,2024,2456.0,27994.0,11.398208469055374
West Pokot,Potatoes,2025,3042.0,15017.0,4.93655489809336
Kajiado,Potatoes,2021,1073.0,4431.0,4.129543336439888
Kajiado,Potatoes,2022,1459.0,14119.0,9.677176148046607
Kajiado,Potatoes,2023,1699.0,10874.0,6.400235432607416
Kajiado,Potatoes,2024,1349.0,11461.0,8.49592290585619
Kajiado,Potatoes,2025,1689.0,11377.0,6.735938425103612
Nandi,Potatoes,2021,483.0,6085.0,12.598343685300208
Nandi,Potatoes,2022,629.0,7548.0,12.0
Nandi,Potatoes,2023,644.0,6611.0,10.26552795031056
Nandi,Potatoes,2024,639.0,5346.0,8.366197183098592
Nandi,Potatoes,2025,983.0,8732.0,8.883011190233978
Kericho,Potatoes,2021,618.0,6798.0,11.0
Kericho,Potatoes,2022,546.0,6006.0,11.0
Kericho,Potatoes,2023,704.0,8518.0,12.099431818181818
Kericho,Potatoes,2024,773.0,5745.0,7.432082794307892
Kericho,Potatoes,2025,785.0,7626.0,9.714649681528662
Embu,Potatoes,2021,274.0,2057.0,7.507299270072993
Embu,Potatoes,2022,281.0,2592.0,9.224199288256228
Embu,Potatoes,2023,295.0,2101.0,7.122033898305085
Embu,Potatoes,2024,302.0,2595.0,8.592715231788079
Embu,Potatoes,2025,230.0,3992.0,17.356521739130436
Narok,Potatoes,2021,14560.0,135176.0,9.284065934065934
Narok,Potatoes,2022,12742.0,87981.0,6.904803013655627
Narok,Potatoes,2023,14975.0,140615.0,9.389983305509181
Narok,Potatoes,2024,17872.0,157252.0,8.798791405550581
Narok,Potatoes,2025,250.0,2000.0,8.0
Kisii,Potatoes,2021,43.0,595.0,13.837209302325581
Kisii,Potatoes,2022,24.0,152.0,6.333333333333333
Kisii,Potatoes,2023,46.0,382.0,8.304347826086957
Kisii,Potatoes,2024,46.0,415.0,9.021739130434783
Kisii,Potatoes,2025,124.0,1574.0,12.693548387096774
Kirinyaga,Potatoes,2021,579.0,5565.0,9.61139896373057
Kirinyaga,Potatoes,2022,219.0,460.0,2.1004566210045663
Kirinyaga,Potatoes,2023,352.0,3001.0,8.525568181818182
Kirinyaga,Potatoes,2024,183.0,1010.0,5.51912568306011
Kirinyaga,Potatoes,2025,201.0,1409.0,7.009950248756219
Samburu,Potatoes,2021,20.0,160.0,8.0
Samburu,Potatoes,2022,50.0,450.0,9.0
Samburu,Potatoes,2023,322.0,2355.0,7.313664596273292
Samburu,Potatoes,2024,110.0,859.0,7.8090909090909095
Samburu,Potatoes,2025,170.0,1150.0,6.764705882352941
Taita Taveta,Potatoes,2021,738.0,1360.0,1.8428184281842819
Taita Taveta,Potatoes,2022,739.0,619.0,0.8376184032476319
Taita Taveta,Potatoes,2023,553.0,2467.0,4.461121157323689
Taita Taveta,Potatoes,2024,564.0,2172.0,3.851063829787234
Taita Taveta,Potatoes,2025,537.0,752.0,1.4003724394785848
Makueni,Potatoes,2021,46.0,262.0,5.695652173913044
Makueni,Potatoes,2022,45.0,270.0,6.0
Makueni,Potatoes,2023,75.0,330.0,4.4
Makueni,Potatoes,2024,71.0,311.0,4.380281690140845
Makueni,Potatoes,2025,36.0,200.0,5.555555555555555
Kakamega,Potatoes,2021,23.0,196.0,8.521739130434783
Kakamega,Potatoes,2022,14.0,125.0,8.928571428571429
Kakamega,Potatoes,2023,8.0,90.0,11.25
Kakamega,Potatoes,2024,10.0,125.0,12.5
Kakamega,Potatoes,2025,8.0,134.0,16.75
Tharaka-Nithi,Potatoes,2021,50.0,525.0,10.5
Tharaka-Nithi,Potatoes,2022,20.0,4.0,0.2
Tharaka-Nithi,Potatoes,2023,61.0,538.0,8.819672131147541
Tharaka-Nithi,Potatoes,2024,11.0,141.0,12.818181818181818
Tharaka-Nithi,Potatoes,2025,5.0,65.0,13.0
Mandera,Potatoes,2021,0.0,0.0,0.0
Mandera,Potatoes,2022,0.0,0.0,0.0
Mandera,Potatoes,2023,0.0,0.0,0.0
Mandera,Potatoes,2024,0.0,0.0,0.0
Mandera,Potatoes,2025,43.5,62.0,1.4252873563218391
Nairobi,Potatoes,2021,35.0,246.0,7.0285714285714285
Nairobi,Potatoes,2022,19.0,99.0,5.2105263157894735
Nairobi,Potatoes,2023,26.0,135.0,5.1923076923076925
Nairobi,Potatoes,2024,31.0,243.0,7.838709677419355
Nairobi,Potatoes,2025,9.0,39.0,4.333333333333333
Isiolo,Potatoes,2021,0.0,0.0,0.0
Isiolo,Potatoes,2022,0.0,0.0,0.0
Isiolo,Potatoes,2023,0.0,0.0,0.0
Isiolo,Potatoes,2024,0.0,0.0,0.0
Isiolo,Potatoes,2025,5.0,31.0,6.2
Nyamira,Potatoes,2021,18.0,190.0,10.555555555555555
Nyamira,Potatoes,2022,22.0,220.0,10.0
Nyamira,Potatoes,2023,20.0,122.0,6.1
Nyamira,Potatoes,2024,20.0,148.0,7.4
Nyamira,Potatoes,2025,4.0,90.0,22.5
Vihiga,Potatoes,2021,0.0,0.0,0.0
Vihiga,Potatoes,2022,0.0,0.0,0.0
Vihiga,Potatoes,2023,0.0,0.0,0.0
Vihiga,Potatoes,2024,0.0,0.0,0.0
Vihiga,Potatoes,2025,2.3,1.3,0.5652173913043479
Uasin Gishu,Potatoes,2021,7237.0,56659.0,7.829072820229377
Uasin Gishu,Potatoes,2022,6856.0,50853.0,7.417298716452742
Uasin Gishu,Potatoes,2023,7699.0,55590.0,7.220418236134563
Uasin Gishu,Potatoes,2024,5366.0,70139.0,13.071002609019754
Uasin Gishu,Potatoes,2025,7739.0,139312.0,18.00129215660938
Elgeyo-Marakwet,Potatoes,2021,31370.0,425964.0,13.5787057698438
Elgeyo-Marakwet,Potatoes,2022,28670.0,276700.0,9.651203348447854
Elgeyo-Marakwet,Potatoes,2023,25143.0,259252.0,10.311100505110767
Elgeyo-Marakwet,Potatoes,2024,23967.0,279273.0,11.652397045938166
Elgeyo-Marakwet,Potatoes,2025,34142.0,275466.0,8.068244391072579
